Invoice,StockCode,Description,Quantity,InvoiceDate,Price,Customer ID,Country
493410,TEST001,This is a test product.,5,2010-01-04 09:24:00,4.5,12346.0,United Kingdom
C493411,21539,RETRO SPOTS BUTTER DISH,-1,2010-01-04 09:43:00,4.25,14590.0,United Kingdom
493412,TEST001,This is a test product.,5,2010-01-04 09:53:00,4.5,12346.0,United Kingdom
493413,21724,PANDA AND BUNNIES STICKER SHEET,1,2010-01-04 09:54:00,0.85,,United Kingdom
493413,84578,ELEPHANT TOY WITH BLUE T-SHIRT,1,2010-01-04 09:54:00,3.75,,United Kingdom
493413,21723,ALPHABET HEARTS STICKER SHEET,1,2010-01-04 09:54:00,0.85,,United Kingdom
493414,21844,RETRO SPOT MUG,36,2010-01-04 10:28:00,2.55,14590.0,United Kingdom
493414,21533,RETRO SPOT LARGE MILK JUG,12,2010-01-04 10:28:00,4.25,14590.0,United Kingdom
493414,37508,NEW ENGLAND CERAMIC CAKE SERVER,2,2010-01-04 10:28:00,2.55,14590.0,United Kingdom
493414,35001G,HAND OPEN SHAPE GOLD,2,2010-01-04 10:28:00,4.25,14590.0,United Kingdom
493414,21527,RETRO SPOT TRADITIONAL TEAPOT ,12,2010-01-04 10:28:00,6.95,14590.0,United Kingdom
493414,21531,RETRO SPOT SUGAR JAM BOWL,24,2010-01-04 10:28:00,2.1,14590.0,United Kingdom
C493415,21527,RETRO SPOT TRADITIONAL TEAPOT ,-3,2010-01-04 10:33:00,7.95,14590.0,United Kingdom
C493426,22109,FULL ENGLISH BREAKFAST PLATE,-1,2010-01-04 10:41:00,3.39,16550.0,United Kingdom
493427,82483,WOOD 2 DRAWER CABINET WHITE FINISH,4,2010-01-04 10:43:00,5.95,13287.0,United Kingdom
493427,21681,GIANT MEDINA STAMPED METAL BOWL ,2,2010-01-04 10:43:00,9.95,13287.0,United Kingdom
493427,21682,LARGE MEDINA STAMPED METAL BOWL ,4,2010-01-04 10:43:00,4.95,13287.0,United Kingdom
493427,18096C,WHITE ROUND PORCELAIN TLIGHT HOLDER,6,2010-01-04 10:43:00,2.55,13287.0,United Kingdom
493427,21577,SAVE THE PLANET COTTON TOTE BAG,6,2010-01-04 10:43:00,2.25,13287.0,United Kingdom
493427,21576,LETS GO SHOPPING COTTON TOTE BAG,6,2010-01-04 10:43:00,2.25,13287.0,United Kingdom
493427,37447,CERAMIC CAKE DESIGN SPOTTED PLATE,12,2010-01-04 10:43:00,1.49,13287.0,United Kingdom
493427,21232,STRAWBERRY CERAMIC TRINKET BOX,12,2010-01-04 10:43:00,1.25,13287.0,United Kingdom
493427,79000,MOROCCAN TEA GLASS,12,2010-01-04 10:43:00,0.85,13287.0,United Kingdom
493427,84499,BLACK FLOWER CANDLE PLATE,12,2010-01-04 10:43:00,0.85,13287.0,United Kingdom
493427,72780,BLACK SILOUETTE CANDLE PLATE,12,2010-01-04 10:43:00,0.85,13287.0,United Kingdom
493427,22214,CANDLE PLATE LACE WHITE,6,2010-01-04 10:43:00,2.55,13287.0,United Kingdom
493427,72369A,PINK CLEAR GLASS CANDLE PLATE,6,2010-01-04 10:43:00,1.25,13287.0,United Kingdom
493427,21428,SET3 BOOK BOX GREEN GINGHAM FLOWER ,4,2010-01-04 10:43:00,4.25,13287.0,United Kingdom
493427,22178,VICTORIAN GLASS HANGING T-LIGHT,12,2010-01-04 10:43:00,1.25,13287.0,United Kingdom
493427,84615,PINK ROUND BUTTERFLY MIRROR ,2,2010-01-04 10:43:00,7.95,13287.0,United Kingdom
493427,84686,BEACH HUT MIRROR,2,2010-01-04 10:43:00,4.25,13287.0,United Kingdom
493427,21777,RECIPE BOX WITH METAL HEART,2,2010-01-04 10:43:00,7.95,13287.0,United Kingdom
493428,84563A,PINK & WHITE BREAKFAST TRAY,1,2010-01-04 11:15:00,5.95,16550.0,United Kingdom
493428,84562A,PINK/WHITE RIBBED MELAMINE JUG,1,2010-01-04 11:15:00,7.95,16550.0,United Kingdom
493428,22347,PIZZA SLICE DISH,6,2010-01-04 11:15:00,1.25,16550.0,United Kingdom
493428,21658,GLASS  BEURRE DISH,2,2010-01-04 11:15:00,3.95,16550.0,United Kingdom
493428,22084,PAPER CHAIN KIT EMPIRE,4,2010-01-04 11:15:00,2.95,16550.0,United Kingdom
493428,22083,PAPER CHAIN KIT RETRO SPOT,6,2010-01-04 11:15:00,2.95,16550.0,United Kingdom
493428,22197,"POPCORN HOLDER , SMALL ",6,2010-01-04 11:15:00,0.85,16550.0,United Kingdom
493428,22198,"POPCORN HOLDER , LARGE",6,2010-01-04 11:15:00,1.65,16550.0,United Kingdom
493428,84988,SET OF 72 PINK HEART PAPER DOILIES,10,2010-01-04 11:15:00,1.45,16550.0,United Kingdom
493428,21559,STRAWBERRY LUNCHBOX WITH CUTLERY,4,2010-01-04 11:15:00,2.55,16550.0,United Kingdom
493428,21558,SKULL LUNCHBOX WITH CUTLERY ,1,2010-01-04 11:15:00,2.55,16550.0,United Kingdom
493428,22353,LUNCHBOX WITH CUTLERY FAIRY CAKES ,4,2010-01-04 11:15:00,2.55,16550.0,United Kingdom
493428,21561,DINOSAUR LUNCHBOX WITH CUTLERY,4,2010-01-04 11:15:00,2.55,16550.0,United Kingdom
493428,21622,VINTAGE UNION JACK CUSHION COVER,6,2010-01-04 11:15:00,4.95,16550.0,United Kingdom
493428,21411,GINGHAM HEART  DOORSTOP RED,2,2010-01-04 11:15:00,4.25,16550.0,United Kingdom
493428,20682,RED SPOTTY CHILDS UMBRELLA,2,2010-01-04 11:15:00,3.25,16550.0,United Kingdom
493428,20686,DOLLY MIXTURE CHILDREN'S UMBRELLA,2,2010-01-04 11:15:00,3.25,16550.0,United Kingdom
493428,20681,PINK SPOTTY CHILDS UMBRELLA,2,2010-01-04 11:15:00,3.25,16550.0,United Kingdom
493428,20754,RETRO RED SPOTTY WASHING UP GLOVES,3,2010-01-04 11:15:00,2.1,16550.0,United Kingdom
493428,20752,RETRO BLUE SPOTTY WASHING UP GLOVES,3,2010-01-04 11:15:00,2.1,16550.0,United Kingdom
493428,22190,LOCAL CAFE MUG,4,2010-01-04 11:15:00,2.1,16550.0,United Kingdom
493428,21843,RETRO SPOT CAKE STAND,1,2010-01-04 11:15:00,10.95,16550.0,United Kingdom
493428,79320, FLAMINGO LIGHTS,2,2010-01-04 11:15:00,4.95,16550.0,United Kingdom
493428,79321,CHILLI LIGHTS,2,2010-01-04 11:15:00,4.95,16550.0,United Kingdom
C493430,21556,CERAMIC STRAWBERRY MONEY BOX,-1,2010-01-04 11:43:00,2.55,14680.0,United Kingdom
C493430,21232,STRAWBERRY CERAMIC TRINKET BOX,-2,2010-01-04 11:43:00,1.25,14680.0,United Kingdom
C493430,21527,RETRO SPOT TRADITIONAL TEAPOT ,-1,2010-01-04 11:43:00,7.95,14680.0,United Kingdom
C493430,85123A,WHITE HANGING HEART T-LIGHT HOLDER,-1,2010-01-04 11:43:00,2.95,14680.0,United Kingdom
C493431,21533,RETRO SPOT LARGE MILK JUG,-1,2010-01-04 11:46:00,4.95,17372.0,United Kingdom
C493431,22066,LOVE HEART TRINKET POT,-4,2010-01-04 11:46:00,1.45,17372.0,United Kingdom
C493431,21432,SET OF 3 CASES WOODLAND DESIGN,-1,2010-01-04 11:46:00,5.95,17372.0,United Kingdom
493432,21488,RED WHITE SCARF  HOT WATER BOTTLE,1,2010-01-04 12:30:00,3.95,14680.0,United Kingdom
493432,84029E,RED WOOLLY HOTTIE WHITE HEART.,3,2010-01-04 12:30:00,3.75,14680.0,United Kingdom
493432,21357,TOAST ITS - DINOSAUR,5,2010-01-04 12:30:00,1.25,14680.0,United Kingdom
493432,37448,CERAMIC CAKE DESIGN SPOTTED MUG,2,2010-01-04 12:30:00,1.49,14680.0,United Kingdom
493432,20726,LUNCH BAG WOODLAND,20,2010-01-04 12:30:00,1.65,14680.0,United Kingdom
493432,21870,I CAN ONLY PLEASE ONE PERSON MUG,2,2010-01-04 12:30:00,1.25,14680.0,United Kingdom
493432,37461,FUNKY MONKEY MUG,2,2010-01-04 12:30:00,1.25,14680.0,United Kingdom
493432,21872,GLAMOROUS  MUG,2,2010-01-04 12:30:00,1.25,14680.0,United Kingdom
493432,47591D,PINK FAIRY CAKE CHILD'S APRON,1,2010-01-04 12:30:00,1.95,14680.0,United Kingdom
493432,21156,RED SPOTTY CHILDS APRON,2,2010-01-04 12:30:00,1.95,14680.0,United Kingdom
493432,22415,WHITE TISSUE REAM,1,2010-01-04 12:30:00,7.95,14680.0,United Kingdom
493432,21329,DINOSAURS  WRITING SET ,1,2010-01-04 12:30:00,1.65,14680.0,United Kingdom
493432,21327,SKULLS WRITING SET ,1,2010-01-04 12:30:00,1.65,14680.0,United Kingdom
493432,85132B,CHARLIE AND LOLA TABLE TINS,2,2010-01-04 12:30:00,9.95,14680.0,United Kingdom
493432,21523,FANCY FONT HOME SWEET HOME DOORMAT,1,2010-01-04 12:30:00,6.75,14680.0,United Kingdom
493432,85150,LADIES & GENTLEMEN METAL SIGN,1,2010-01-04 12:30:00,2.55,14680.0,United Kingdom
493432,21218,RED SPOTTY BISCUIT TIN,1,2010-01-04 12:30:00,3.75,14680.0,United Kingdom
493432,84032A,CHARLIE+LOLA PINK HOT WATER BOTTLE,2,2010-01-04 12:30:00,2.95,14680.0,United Kingdom
493432,20681,PINK SPOTTY CHILDS UMBRELLA,2,2010-01-04 12:30:00,3.25,14680.0,United Kingdom
493432,20682,RED SPOTTY CHILDS UMBRELLA,2,2010-01-04 12:30:00,3.25,14680.0,United Kingdom
493432,21903,MAN FLU METAL SIGN,2,2010-01-04 12:30:00,2.1,14680.0,United Kingdom
493432,85152,HAND OVER THE CHOCOLATE   SIGN ,6,2010-01-04 12:30:00,2.1,14680.0,United Kingdom
493432,21175,GIN + TONIC DIET METAL SIGN,2,2010-01-04 12:30:00,2.1,14680.0,United Kingdom
493432,85123A,WHITE HANGING HEART T-LIGHT HOLDER,32,2010-01-04 12:30:00,2.55,14680.0,United Kingdom
493432,21733,RED HANGING HEART T-LIGHT HOLDER,8,2010-01-04 12:30:00,2.95,14680.0,United Kingdom
493432,84997A,GREEN 3 PIECE MINI DOTS CUTLERY SET,3,2010-01-04 12:30:00,3.75,14680.0,United Kingdom
493432,84997B,RED 3 PIECE MINI DOTS CUTLERY SET,4,2010-01-04 12:30:00,3.75,14680.0,United Kingdom
493432,84997C,BLUE 3 PIECE MINI DOTS CUTLERY SET,4,2010-01-04 12:30:00,3.75,14680.0,United Kingdom
493432,84997D,PINK 3 PIECE MINI DOTS CUTLERY SET,1,2010-01-04 12:30:00,3.75,14680.0,United Kingdom
493432,21217,RED SPOTTY ROUND CAKE TINS,2,2010-01-04 12:30:00,9.95,14680.0,United Kingdom
493432,20914,SET/5 RED SPOTTY LID GLASS BOWLS,1,2010-01-04 12:30:00,2.95,14680.0,United Kingdom
493432,21558,SKULL LUNCHBOX WITH CUTLERY ,1,2010-01-04 12:30:00,2.55,14680.0,United Kingdom
493432,22353,LUNCHBOX WITH CUTLERY FAIRY CAKES ,2,2010-01-04 12:30:00,2.55,14680.0,United Kingdom
493432,21559,STRAWBERRY LUNCHBOX WITH CUTLERY,2,2010-01-04 12:30:00,2.55,14680.0,United Kingdom
493432,21556,CERAMIC STRAWBERRY MONEY BOX,3,2010-01-04 12:30:00,2.55,14680.0,United Kingdom
493432,20718,RED SPOTTY SHOPPER BAG,2,2010-01-04 12:30:00,1.25,14680.0,United Kingdom
493432,20725,LUNCH BAG RED SPOTTY,10,2010-01-04 12:30:00,1.65,14680.0,United Kingdom
493432,22073,RETRO SPOT STORAGE JAR,1,2010-01-04 12:30:00,3.75,14680.0,United Kingdom
493432,21533,RETRO SPOT LARGE MILK JUG,1,2010-01-04 12:30:00,4.95,14680.0,United Kingdom
493432,22072,TEA CUP AND SAUCER RETRO SPOT,2,2010-01-04 12:30:00,3.75,14680.0,United Kingdom
493432,21537,RETRO SPOTS PUDDING BOWL,1,2010-01-04 12:30:00,4.25,14680.0,United Kingdom
493432,21527,RETRO SPOT TRADITIONAL TEAPOT ,5,2010-01-04 12:30:00,7.95,14680.0,United Kingdom
493432,21531,RETRO SPOT SUGAR JAM BOWL,2,2010-01-04 12:30:00,2.55,14680.0,United Kingdom
493432,21535,RETRO SPOT SMALL MILK JUG,2,2010-01-04 12:30:00,2.55,14680.0,United Kingdom
493432,21232,STRAWBERRY CERAMIC TRINKET BOX,7,2010-01-04 12:30:00,1.25,14680.0,United Kingdom
493432,21231,SWEETHEART CERAMIC TRINKET BOX,4,2010-01-04 12:30:00,1.25,14680.0,United Kingdom
493432,37503,TEA TIME CAKE STAND IN GIFT BOX,2,2010-01-04 12:30:00,10.75,14680.0,United Kingdom
493432,21844,RETRO SPOT MUG,2,2010-01-04 12:30:00,2.95,14680.0,United Kingdom
493432,21874,GIN AND TONIC MUG,2,2010-01-04 12:30:00,1.25,14680.0,United Kingdom
493433,84991,60 TEATIME FAIRY CAKE CASES,24,2010-01-04 12:51:00,0.55,14709.0,United Kingdom
493433,15060B,FAIRY CAKE DESIGN UMBRELLA,4,2010-01-04 12:51:00,3.75,14709.0,United Kingdom
493433,85099C,JUMBO  BAG BAROQUE BLACK WHITE,20,2010-01-04 12:51:00,1.95,14709.0,United Kingdom
493433,21928,JUMBO BAG SCANDINAVIAN PAISLEY,20,2010-01-04 12:51:00,1.95,14709.0,United Kingdom
493433,21929,JUMBO BAG PINK VINTAGE PAISLEY,30,2010-01-04 12:51:00,1.95,14709.0,United Kingdom
493433,85099B,JUMBO BAG RED WHITE SPOTTY ,20,2010-01-04 12:51:00,1.95,14709.0,United Kingdom
493433,21843,RETRO SPOT CAKE STAND,2,2010-01-04 12:51:00,10.95,14709.0,United Kingdom
493433,48185,DOOR MAT FAIRY CAKE,4,2010-01-04 12:51:00,6.75,14709.0,United Kingdom
493433,48188,DOOR MAT WELCOME PUPPIES,2,2010-01-04 12:51:00,6.75,14709.0,United Kingdom
493433,48111,DOOR MAT 3 SMILEY CATS,2,2010-01-04 12:51:00,6.75,14709.0,United Kingdom
493433,48194,DOORMAT HEARTS,2,2010-01-04 12:51:00,6.75,14709.0,United Kingdom
493433,21232,STRAWBERRY CERAMIC TRINKET BOX,24,2010-01-04 12:51:00,1.25,14709.0,United Kingdom
493433,37503,TEA TIME CAKE STAND IN GIFT BOX,6,2010-01-04 12:51:00,10.75,14709.0,United Kingdom
493433,37502,TEA TIME MUG IN GIFT BOX,6,2010-01-04 12:51:00,2.95,14709.0,United Kingdom
493434,22064,PINK DOUGHNUT TRINKET POT ,48,2010-01-04 12:54:00,1.45,13798.0,United Kingdom
493434,21355,TOAST ITS - I LOVE YOU ,288,2010-01-04 12:54:00,1.05,13798.0,United Kingdom
493434,21181,PLEASE ONE PERSON  METAL SIGN,48,2010-01-04 12:54:00,1.85,13798.0,United Kingdom
493434,21080,SET/20 RED SPOTTY PAPER NAPKINS ,96,2010-01-04 12:54:00,0.64,13798.0,United Kingdom
493434,84520D,PACK OF 20 FAIRY CAKE PAPER NAPKINS,96,2010-01-04 12:54:00,0.64,13798.0,United Kingdom
493434,21843,RETRO SPOT CAKE STAND,24,2010-01-04 12:54:00,9.95,13798.0,United Kingdom
493434,37450,CERAMIC CAKE BOWL + HANGING CAKES,18,2010-01-04 12:54:00,2.55,13798.0,United Kingdom
493434,84596F,SMALL MARSHMALLOWS PINK BOWL,72,2010-01-04 12:54:00,1.06,13798.0,United Kingdom
493434,84596B,SMALL DOLLY MIX DESIGN ORANGE BOWL,72,2010-01-04 12:54:00,1.06,13798.0,United Kingdom
493435,21988,PACK OF 6 SKULL PAPER PLATES,4,2010-01-04 12:57:00,0.85,13206.0,United Kingdom
493435,22100,SKULLS SQUARE TISSUE BOX,6,2010-01-04 12:57:00,1.25,13206.0,United Kingdom
493435,21989,PACK OF 20 SKULL PAPER NAPKINS,6,2010-01-04 12:57:00,0.85,13206.0,United Kingdom
493435,21987,PACK OF 6 SKULL PAPER CUPS,7,2010-01-04 12:57:00,0.65,13206.0,United Kingdom
493435,84596E,SMALL LICORICE DES PINK BOWL,6,2010-01-04 12:57:00,1.25,13206.0,United Kingdom
493435,84380,SET OF 3 BUTTERFLY COOKIE CUTTERS,4,2010-01-04 12:57:00,1.25,13206.0,United Kingdom
493435,21082,SET/20 FRUIT SALAD PAPER NAPKINS ,6,2010-01-04 12:57:00,0.85,13206.0,United Kingdom
493435,20913,SET/5 BLUE SPOTTY LID GLASS BOWLS,1,2010-01-04 12:57:00,2.95,13206.0,United Kingdom
493435,22136,LOVE HEART SOCK HANGER,6,2010-01-04 12:57:00,1.65,13206.0,United Kingdom
493435,20675,BLUE SPOTTY BOWL,5,2010-01-04 12:57:00,1.25,13206.0,United Kingdom
493435,21836,GINGHAM OVEN GLOVE RED HEART ,4,2010-01-04 12:57:00,3.75,13206.0,United Kingdom
493435,84559A,3D SHEET OF DOG STICKERS,8,2010-01-04 12:57:00,0.85,13206.0,United Kingdom
493435,84578,ELEPHANT TOY WITH BLUE T-SHIRT,4,2010-01-04 12:57:00,3.75,13206.0,United Kingdom
493435,21026,SPACE OWL,10,2010-01-04 12:57:00,1.25,13206.0,United Kingdom
493435,21472,LADYBIRD + BEE RAFFIA FOOD COVER,3,2010-01-04 12:57:00,3.75,13206.0,United Kingdom
493435,37112,YELLOW BIRDS FELT DES FOODCOVER,2,2010-01-04 12:57:00,3.75,13206.0,United Kingdom
493435,84031B,CHARLIE LOLA BLUE HOT WATER BOTTLE ,24,2010-01-04 12:57:00,1.95,13206.0,United Kingdom
493435,72800D,S/4 BLUE DINNER CANDLE SILVER FLOCK,12,2010-01-04 12:57:00,0.79,13206.0,United Kingdom
493435,21488,RED WHITE SCARF  HOT WATER BOTTLE,24,2010-01-04 12:57:00,3.45,13206.0,United Kingdom
493435,72038P,PRICE'S CANDLE PEACH,200,2010-01-04 12:57:00,0.08,13206.0,United Kingdom
493435,72484,ROSES IN WHITE HEART CANDLE ,48,2010-01-04 12:57:00,0.38,13206.0,United Kingdom
493435,84032A,CHARLIE+LOLA PINK HOT WATER BOTTLE,36,2010-01-04 12:57:00,1.25,13206.0,United Kingdom
493435,84031A,CHARLIE+LOLA RED HOT WATER BOTTLE ,24,2010-01-04 12:57:00,1.95,13206.0,United Kingdom
493435,10120,DOGGY RUBBER,30,2010-01-04 12:57:00,0.21,13206.0,United Kingdom
493435,16237,SLEEPING CAT ERASERS,30,2010-01-04 12:57:00,0.21,13206.0,United Kingdom
493435,21678,PAISLEY PATTERN  STICKERS,2,2010-01-04 12:57:00,0.85,13206.0,United Kingdom
493435,22319,HAIRCLIPS FORTIES FABRIC ASSORTED,12,2010-01-04 12:57:00,0.65,13206.0,United Kingdom
493435,22036,DINOSAUR BIRTHDAY CARD,12,2010-01-04 12:57:00,0.42,13206.0,United Kingdom
493435,21504,SKULLS GREETING CARD,12,2010-01-04 12:57:00,0.42,13206.0,United Kingdom
493435,21507,"ELEPHANT, BIRTHDAY CARD, ",12,2010-01-04 12:57:00,0.42,13206.0,United Kingdom
493435,21509,COWBOYS AND INDIANS BIRTHDAY CARD ,12,2010-01-04 12:57:00,0.42,13206.0,United Kingdom
493435,22028,PENNY FARTHING BIRTHDAY CARD,12,2010-01-04 12:57:00,0.42,13206.0,United Kingdom
493435,22025,RING OF ROSES BIRTHDAY CARD,12,2010-01-04 12:57:00,0.42,13206.0,United Kingdom
493435,22033,BOTANICAL ROSE GREETING CARD,12,2010-01-04 12:57:00,0.42,13206.0,United Kingdom
493435,21788,KIDS RAIN MAC BLUE,6,2010-01-04 12:57:00,0.85,13206.0,United Kingdom
493435,21789,KIDS RAIN MAC PINK,4,2010-01-04 12:57:00,0.85,13206.0,United Kingdom
493435,22332,SKULLS PARTY BAG + STICKER SET,6,2010-01-04 12:57:00,1.65,13206.0,United Kingdom
493435,21679,SKULLS  STICKERS,23,2010-01-04 12:57:00,0.85,13206.0,United Kingdom
493435,21678,PAISLEY PATTERN  STICKERS,2,2010-01-04 12:57:00,0.85,13206.0,United Kingdom
493435,22040,BOTANICAL ROSE GIFT WRAP,25,2010-01-04 12:57:00,0.42,13206.0,United Kingdom
493435,21498,RED SPOTS  WRAP ,25,2010-01-04 12:57:00,0.42,13206.0,United Kingdom
493435,21495,SKULLS WRAP,25,2010-01-04 12:57:00,0.42,13206.0,United Kingdom
493435,16207A,PINK STRAWBERRY HANDBAG ,3,2010-01-04 12:57:00,2.95,13206.0,United Kingdom
493435,40046A,RED DAISY PAPER LAMPSHADE,7,2010-01-04 12:57:00,1.25,13206.0,United Kingdom
493435,40016,CHINESE DRAGON PAPER LANTERNS,12,2010-01-04 12:57:00,0.42,13206.0,United Kingdom
493435,20727,LUNCH BAG  BLACK SKULL.,5,2010-01-04 12:57:00,1.65,13206.0,United Kingdom
493435,51008,AFGHAN SLIPPER SOCK PAIR,10,2010-01-04 12:57:00,3.45,13206.0,United Kingdom
493435,20712,JUMBO BAG WOODLAND ANIMALS,8,2010-01-04 12:57:00,1.95,13206.0,United Kingdom
493435,21675,BUTTERFLIES STICKERS,6,2010-01-04 12:57:00,0.85,13206.0,United Kingdom
493435,21929,JUMBO BAG PINK VINTAGE PAISLEY,11,2010-01-04 12:57:00,1.95,13206.0,United Kingdom
493435,72232,FENG SHUI PILLAR CANDLE,24,2010-01-04 12:57:00,0.19,13206.0,United Kingdom
493435,84007,MAGIC GARDEN MOUNT FUJI,6,2010-01-04 12:57:00,2.55,13206.0,United Kingdom
493435,84288B,SET/2 BLUE  NOODLE BASKETS,4,2010-01-04 12:57:00,1.95,13206.0,United Kingdom
493435,21714,CITRONELLA CANDLE GARDEN POT,6,2010-01-04 12:57:00,1.25,13206.0,United Kingdom
493435,84992,72 SWEETHEART FAIRY CAKE CASES,24,2010-01-04 12:57:00,0.55,13206.0,United Kingdom
493435,22133,PINK LOVE HEART SHAPE CUP,12,2010-01-04 12:57:00,0.85,13206.0,United Kingdom
493435,17039,INLAID WOOD INCENSE HOLDER,10,2010-01-04 12:57:00,0.29,13206.0,United Kingdom
493435,22352,LUNCHBOX WITH CUTLERY RETROSPOT ,6,2010-01-04 12:57:00,2.55,13206.0,United Kingdom
493435,21544,SKULLS  WATER TRANSFER TATTOOS ,10,2010-01-04 12:57:00,0.85,13206.0,United Kingdom
493435,85231B,CINAMMON SET OF 9 T-LIGHTS,6,2010-01-04 12:57:00,0.85,13206.0,United Kingdom
493435,85231L,LAVENDER SCENTED SET/9 T-LIGHTS,6,2010-01-04 12:57:00,0.85,13206.0,United Kingdom
493435,85049B,LUSH GREENS RIBBONS,8,2010-01-04 12:57:00,1.25,13206.0,United Kingdom
493435,15036,ASSORTED COLOURS SILK FAN,12,2010-01-04 12:57:00,0.65,13206.0,United Kingdom
493435,21440,12 MINI TOADSTOOL PEGS,24,2010-01-04 12:57:00,1.25,13206.0,United Kingdom
493435,22132,RED LOVE HEART SHAPE CUP,12,2010-01-04 12:57:00,0.85,13206.0,United Kingdom
493435,84558A,3D DOG PICTURE PLAYING CARDS,6,2010-01-04 12:57:00,2.95,13206.0,United Kingdom
493436,20868,SILVER FABRIC MIRROR,240,2010-01-04 13:03:00,0.38,13694.0,United Kingdom
493436,20869,GOLD FABRIC MIRROR,240,2010-01-04 13:03:00,0.38,13694.0,United Kingdom
493436,35004P,SET OF 3 PINK FLYING DUCKS,12,2010-01-04 13:03:00,1.95,13694.0,United Kingdom
493436,35004G,SET OF 3 GOLD FLYING DUCKS,12,2010-01-04 13:03:00,1.95,13694.0,United Kingdom
493436,46776A,WOVEN BUBBLE GUM CUSHION COVER,24,2010-01-04 13:03:00,1.25,13694.0,United Kingdom
493436,46776B,WOVEN BERRIES CUSHION COVER ,24,2010-01-04 13:03:00,1.25,13694.0,United Kingdom
493436,46776E,WOVEN CANDY CUSHION COVER ,12,2010-01-04 13:03:00,1.25,13694.0,United Kingdom
493436,46776C,WOVEN FROST CUSHION COVER,12,2010-01-04 13:03:00,1.25,13694.0,United Kingdom
493436,46776F,WOVEN ROSE GARDEN CUSHION COVER ,12,2010-01-04 13:03:00,1.25,13694.0,United Kingdom
493436,72800C,S/4 PINK DINNER CANDLE SILVER FLOCK,252,2010-01-04 13:03:00,0.79,13694.0,United Kingdom
493436,72799F,IVORY PILLAR CANDLE GOLD FLOCK,480,2010-01-04 13:03:00,1.25,13694.0,United Kingdom
493436,72799C,PINK PILLAR CANDLE SILVER FLOCK,240,2010-01-04 13:03:00,1.25,13694.0,United Kingdom
493436,72799E,IVORY PILLAR CANDLE SILVER FLOCK,240,2010-01-04 13:03:00,1.25,13694.0,United Kingdom
493436,72800D,S/4 BLUE DINNER CANDLE SILVER FLOCK,252,2010-01-04 13:03:00,0.79,13694.0,United Kingdom
493436,72800F,4 IVORY DINNER CANDLES GOLD FLOCK,468,2010-01-04 13:03:00,0.79,13694.0,United Kingdom
493436,72800A,S/4 BLACK DINNER CANDLE SILVER FLOC,252,2010-01-04 13:03:00,0.79,13694.0,United Kingdom
493436,72800B,S/4 PURPLE DINNER CANDLE BLK FLOCK,252,2010-01-04 13:03:00,0.79,13694.0,United Kingdom
493436,72799A,BLACK PILLAR CANDLE SILVER FLOCK,240,2010-01-04 13:03:00,1.25,13694.0,United Kingdom
493437,85132A,CHARLIE + LOLA BISCUITS TINS,96,2010-01-04 13:10:00,3.95,13694.0,United Kingdom
493437,85132B,CHARLIE AND LOLA TABLE TINS,96,2010-01-04 13:10:00,3.95,13694.0,United Kingdom
493438,20700,GREEN CAT FLORAL CUSHION COVER ,144,2010-01-04 13:12:00,1.25,13694.0,United Kingdom
493438,20701,PINK CAT FLORAL CUSHION COVER ,144,2010-01-04 13:12:00,1.25,13694.0,United Kingdom
493439,71028B,SILVER BLUE EGG T-LIGHT HOLDER,96,2010-01-04 13:25:00,0.38,13694.0,United Kingdom
493439,78124,MAGAZINE RACK GEBRA ASSORTED ,144,2010-01-04 13:25:00,1.25,13694.0,United Kingdom
493439,79328,BLUE FLOCK GLASS CANDLEHOLDER,96,2010-01-04 13:25:00,0.38,13694.0,United Kingdom
493439,79336,LIGHT PINK FLOCK GLASS CANDLEHOLDER,96,2010-01-04 13:25:00,0.38,13694.0,United Kingdom
493439,79337,BLUE FLOCK GLASS CANDLEHOLDER,96,2010-01-04 13:25:00,0.38,13694.0,United Kingdom
493439,79338,DARK PINK FLOCK GLASS CANDLEHOLDER,96,2010-01-04 13:25:00,0.38,13694.0,United Kingdom
493439,82076,BEECH WOOD PHOTO FRAME ,64,2010-01-04 13:25:00,1.25,13694.0,United Kingdom
493439,85167B,BLACK GRAND BAROQUE PHOTO FRAME,120,2010-01-04 13:25:00,1.25,13694.0,United Kingdom
493439,85166B,BLACK METAL BAROQUE PHOTO FRAME,120,2010-01-04 13:25:00,1.25,13694.0,United Kingdom
493439,85167A,WHITE GRAND BAROQUE PHOTO FRAME,60,2010-01-04 13:25:00,1.25,13694.0,United Kingdom
493439,85183A,CHARLIE & LOLA WASTEPAPER BIN BLUE,288,2010-01-04 13:25:00,1.25,13694.0,United Kingdom
493439,85183B,CHARLIE & LOLA WASTEPAPER BIN FLORA,288,2010-01-04 13:25:00,1.25,13694.0,United Kingdom
493439,85224,ASSORTED COLOUR SILK GLASSES CASE,240,2010-01-04 13:25:00,0.38,13694.0,United Kingdom
493439,85222,ASSORTED COLOUR SILK COSMETIC PURSE,240,2010-01-04 13:25:00,0.65,13694.0,United Kingdom
493439,85221,ASSORTED COLOUR SILK COIN PURSE,480,2010-01-04 13:25:00,0.38,13694.0,United Kingdom
493439,47347B,BLUE FLOWER T-LIGHT HOLDER,144,2010-01-04 13:25:00,0.38,13694.0,United Kingdom
C493440,21658,GLASS  BEURRE DISH,-1,2010-01-04 13:30:00,3.39,12709.0,Germany
C493440,20914,SET/5 RED SPOTTY LID GLASS BOWLS,-1,2010-01-04 13:30:00,2.95,12709.0,Germany
C493440,21843,RETRO SPOT CAKE STAND,-1,2010-01-04 13:30:00,9.95,12709.0,Germany
C493441,84782A,PINK 3 TIER GLASS PLATE STAND,-1,2010-01-04 13:35:00,12.75,14156.0,EIRE
C493441,21874,GIN AND TONIC MUG,-1,2010-01-04 13:35:00,1.25,14156.0,EIRE
493442,48138,DOOR MAT UNION FLAG,1,2010-01-04 13:36:00,6.75,13821.0,United Kingdom
493442,21524,SPOTTY  HOME SWEET HOME DOORMAT,1,2010-01-04 13:36:00,6.75,13821.0,United Kingdom
493442,48194,DOORMAT HEARTS,1,2010-01-04 13:36:00,6.75,13821.0,United Kingdom
493442,84596K,JELLY BABIES YELLOW SMALL BOWL,4,2010-01-04 13:36:00,1.25,13821.0,United Kingdom
493442,84596J,MIXED NUTS LIGHT GREEN BOWL,4,2010-01-04 13:36:00,1.25,13821.0,United Kingdom
493442,84535A,ENGLISH ROSE NOTEBOOK A6 SIZE,5,2010-01-04 13:36:00,0.65,13821.0,United Kingdom
493442,84691,PACK 20 DOLLY PEGS,8,2010-01-04 13:36:00,0.85,13821.0,United Kingdom
493442,37464,ROBOT MUG IN DISPLAY BOX,5,2010-01-04 13:36:00,1.25,13821.0,United Kingdom
493442,79190B,RETRO PLASTIC POLKA TRAY,5,2010-01-04 13:36:00,0.42,13821.0,United Kingdom
493442,79190A,RETRO PLASTIC 70'S TRAY,5,2010-01-04 13:36:00,0.42,13821.0,United Kingdom
493442,79190D,RETRO PLASTIC DAISY TRAY,5,2010-01-04 13:36:00,0.42,13821.0,United Kingdom
493442,22107,PIZZA PLATE IN BOX,2,2010-01-04 13:36:00,3.75,13821.0,United Kingdom
493442,20754,RETRO RED SPOTTY WASHING UP GLOVES,2,2010-01-04 13:36:00,2.1,13821.0,United Kingdom
493442,20752,RETRO BLUE SPOTTY WASHING UP GLOVES,2,2010-01-04 13:36:00,2.1,13821.0,United Kingdom
493442,37333,"RETRO ""TEA FOR ONE"" ",1,2010-01-04 13:36:00,4.95,13821.0,United Kingdom
493442,20751,FUNKY WASHING UP GLOVES ASSORTED,1,2010-01-04 13:36:00,2.1,13821.0,United Kingdom
493442,20751,FUNKY WASHING UP GLOVES ASSORTED,1,2010-01-04 13:36:00,2.1,13821.0,United Kingdom
493442,22095,LADS ONLY TISSUE BOX,4,2010-01-04 13:36:00,1.25,13821.0,United Kingdom
493442,21467,CHERRY CROCHET FOOD COVER,2,2010-01-04 13:36:00,3.75,13821.0,United Kingdom
493442,71477,COLOUR GLASS. STAR T-LIGHT HOLDER,1,2010-01-04 13:36:00,3.25,13821.0,United Kingdom
493442,22109,FULL ENGLISH BREAKFAST PLATE,2,2010-01-04 13:36:00,3.75,13821.0,United Kingdom
493442,21420,OYSTER TRINKET BOX,1,2010-01-04 13:36:00,3.25,13821.0,United Kingdom
493442,21716,BOYS VINTAGE TIN SEASIDE BUCKET,2,2010-01-04 13:36:00,2.55,13821.0,United Kingdom
493442,21715,GIRLS VINTAGE TIN SEASIDE BUCKET,2,2010-01-04 13:36:00,2.55,13821.0,United Kingdom
493442,20713,JUMBO BAG OWLS,2,2010-01-04 13:36:00,1.95,13821.0,United Kingdom
493442,20712,JUMBO BAG WOODLAND ANIMALS,1,2010-01-04 13:36:00,1.95,13821.0,United Kingdom
493442,85099B,JUMBO BAG RED WHITE SPOTTY ,2,2010-01-04 13:36:00,1.95,13821.0,United Kingdom
493442,21931,JUMBO STORAGE BAG SUKI,3,2010-01-04 13:36:00,1.95,13821.0,United Kingdom
493442,21929,JUMBO BAG PINK VINTAGE PAISLEY,2,2010-01-04 13:36:00,1.95,13821.0,United Kingdom
493442,21928,JUMBO BAG SCANDINAVIAN PAISLEY,2,2010-01-04 13:36:00,1.95,13821.0,United Kingdom
493442,21737,SET 3 WICKER LOG BASKETS,1,2010-01-04 13:36:00,19.95,13821.0,United Kingdom
493442,85099F,JUMBO BAG STRAWBERRY,2,2010-01-04 13:36:00,1.95,13821.0,United Kingdom
493442,20712,JUMBO BAG WOODLAND ANIMALS,1,2010-01-04 13:36:00,1.95,13821.0,United Kingdom
493442,21737,SET 3 WICKER LOG BASKETS,1,2010-01-04 13:36:00,19.95,13821.0,United Kingdom
493442,48111,DOOR MAT 3 SMILEY CATS,1,2010-01-04 13:36:00,6.75,13821.0,United Kingdom
493442,79321,CHILLI LIGHTS,3,2010-01-04 13:36:00,4.95,13821.0,United Kingdom
493442,21578,WOODLAND DESIGN  COTTON TOTE BAG,1,2010-01-04 13:36:00,2.25,13821.0,United Kingdom
493442,21577,SAVE THE PLANET COTTON TOTE BAG,1,2010-01-04 13:36:00,2.25,13821.0,United Kingdom
493442,21579,LOLITA  DESIGN  COTTON TOTE BAG,1,2010-01-04 13:36:00,2.25,13821.0,United Kingdom
493442,82001S,VINYL RECORD FRAME SILVER,3,2010-01-04 13:36:00,3.75,13821.0,United Kingdom
493442,84671B,CROCHET BEAR WITH BLUE STRIPES,1,2010-01-04 13:36:00,2.55,13821.0,United Kingdom
493442,84741C,CITRUS GARLAND FELT FLOWERS ,3,2010-01-04 13:36:00,1.95,13821.0,United Kingdom
493442,22111,SCOTTIE DOG HOT WATER BOTTLE,2,2010-01-04 13:36:00,4.95,13821.0,United Kingdom
493442,22125,UNION JACK HOT WATER BOTTLE ,2,2010-01-04 13:36:00,5.95,13821.0,United Kingdom
493442,37112,YELLOW BIRDS FELT DES FOODCOVER,2,2010-01-04 13:36:00,3.75,13821.0,United Kingdom
493442,84671B,CROCHET BEAR WITH BLUE STRIPES,1,2010-01-04 13:36:00,2.55,13821.0,United Kingdom
493442,82597,BOMBS AWAY METAL SIGN,2,2010-01-04 13:36:00,2.1,13821.0,United Kingdom
493442,82578,KITCHEN METAL SIGN,2,2010-01-04 13:36:00,0.55,13821.0,United Kingdom
493442,82581,TOILET METAL SIGN,2,2010-01-04 13:36:00,0.55,13821.0,United Kingdom
493442,79067,CORONA MEXICAN TRAY,6,2010-01-04 13:36:00,3.75,13821.0,United Kingdom
493442,85176,SEWING SUSAN 21 NEEDLE SET,2,2010-01-04 13:36:00,0.85,13821.0,United Kingdom
493442,85178,VICTORIAN SEWING KIT,2,2010-01-04 13:36:00,1.25,13821.0,United Kingdom
493442,85049F,BABY BOOM RIBBONS ,1,2010-01-04 13:36:00,1.25,13821.0,United Kingdom
493442,20971,PINK BLUE FELT CRAFT TRINKET BOX,1,2010-01-04 13:36:00,1.25,13821.0,United Kingdom
493442,20966,SANDWICH BATH SPONGE,2,2010-01-04 13:36:00,1.25,13821.0,United Kingdom
493442,20963,APPLE BATH SPONGE,2,2010-01-04 13:36:00,1.25,13821.0,United Kingdom
493442,20960,WATERMELON BATH SPONGE,4,2010-01-04 13:36:00,1.25,13821.0,United Kingdom
493443,21931,JUMBO STORAGE BAG SUKI,2,2010-01-04 13:39:00,1.95,14527.0,United Kingdom
493443,85099B,JUMBO BAG RED WHITE SPOTTY ,10,2010-01-04 13:39:00,1.95,14527.0,United Kingdom
493443,21033,JUMBO BAG CHARLIE AND LOLA TOYS,1,2010-01-04 13:39:00,2.95,14527.0,United Kingdom
493443,20711,JUMBO BAG TOYS ,10,2010-01-04 13:39:00,1.95,14527.0,United Kingdom
493443,20712,JUMBO BAG WOODLAND ANIMALS,4,2010-01-04 13:39:00,1.95,14527.0,United Kingdom
493443,21930,JUMBO STORAGE BAG SKULLS,4,2010-01-04 13:39:00,1.95,14527.0,United Kingdom
493443,85099F,JUMBO BAG STRAWBERRY,5,2010-01-04 13:39:00,1.95,14527.0,United Kingdom
493443,20713,JUMBO BAG OWLS,10,2010-01-04 13:39:00,1.95,14527.0,United Kingdom
493443,21780,MA CAMPAGNE 4 DRAWER WALL SHELF,8,2010-01-04 13:39:00,5.95,14527.0,United Kingdom
493443,21527,RETRO SPOT TRADITIONAL TEAPOT ,12,2010-01-04 13:39:00,6.95,14527.0,United Kingdom
493443,21488,RED WHITE SCARF  HOT WATER BOTTLE,2,2010-01-04 13:39:00,3.95,14527.0,United Kingdom
493443,21484,CHICK GREY HOT WATER BOTTLE,1,2010-01-04 13:39:00,3.45,14527.0,United Kingdom
493443,21843,RETRO SPOT CAKE STAND,1,2010-01-04 13:39:00,10.95,14527.0,United Kingdom
493443,84029C,BROWN FURRY HOT WATER BOTTLE,1,2010-01-04 13:39:00,3.75,14527.0,United Kingdom
493443,37476,CONDIMENT TRAY 4 BOWLS AND 4 SPOONS,1,2010-01-04 13:39:00,9.95,14527.0,United Kingdom
493443,21528,DAIRY MAID TRADITIONAL TEAPOT ,1,2010-01-04 13:39:00,6.95,14527.0,United Kingdom
493443,21529,RETRO SPOT CERAMIC TOASTRACK,2,2010-01-04 13:39:00,3.45,14527.0,United Kingdom
493443,22177,5 HOOK BLACKBOARD ORGANISER ,1,2010-01-04 13:39:00,9.95,14527.0,United Kingdom
493443,21259,VICTORIAN SEWING BOX SMALL ,4,2010-01-04 13:39:00,5.95,14527.0,United Kingdom
493443,21115,ROSE CARAVAN DOORSTOP,2,2010-01-04 13:39:00,6.75,14527.0,United Kingdom
493443,21539,RETRO SPOTS BUTTER DISH,5,2010-01-04 13:39:00,4.95,14527.0,United Kingdom
493443,84623,PINK GINGHAM ROSE FLOOR CUSHION,4,2010-01-04 13:39:00,7.95,14527.0,United Kingdom
493443,21481,FAWN BLUE HOT WATER BOTTLE,1,2010-01-04 13:39:00,2.95,14527.0,United Kingdom
493443,84509F,NEW ENGLAND PLACEMATS,2,2010-01-04 13:39:00,3.75,14527.0,United Kingdom
493443,47562,ENGLISH ROSE IRONING BOARD COVER,2,2010-01-04 13:39:00,3.75,14527.0,United Kingdom
493443,82578,KITCHEN METAL SIGN,2,2010-01-04 13:39:00,0.55,14527.0,United Kingdom
493443,82581,TOILET METAL SIGN,4,2010-01-04 13:39:00,0.55,14527.0,United Kingdom
493443,82580,BATHROOM METAL SIGN,4,2010-01-04 13:39:00,0.55,14527.0,United Kingdom
493443,22308,TEA COSY BLUE STRIPE,2,2010-01-04 13:39:00,2.55,14527.0,United Kingdom
493443,22309,TEA COSY RED  STRIPE,2,2010-01-04 13:39:00,2.55,14527.0,United Kingdom
493443,21275,ZINC TOP  2 DOOR WOODEN SHELF ,8,2010-01-04 13:39:00,3.95,14527.0,United Kingdom
493443,85232B,SET/3 RUSSIAN DOLL STACKING TINS,4,2010-01-04 13:39:00,4.95,14527.0,United Kingdom
493443,84029E,RED WOOLLY HOTTIE WHITE HEART.,2,2010-01-04 13:39:00,3.75,14527.0,United Kingdom
493443,21533,RETRO SPOT LARGE MILK JUG,1,2010-01-04 13:39:00,4.95,14527.0,United Kingdom
493443,21535,RETRO SPOT SMALL MILK JUG,3,2010-01-04 13:39:00,2.55,14527.0,United Kingdom
493443,21531,RETRO SPOT SUGAR JAM BOWL,3,2010-01-04 13:39:00,2.55,14527.0,United Kingdom
493443,47591D,PINK FAIRY CAKE CHILD'S APRON,1,2010-01-04 13:39:00,1.95,14527.0,United Kingdom
493443,46000M,POLYESTER FILLER PAD 45x45cm,2,2010-01-04 13:39:00,1.55,14527.0,United Kingdom
493443,21622,VINTAGE UNION JACK CUSHION COVER,2,2010-01-04 13:39:00,4.95,14527.0,United Kingdom
493443,21621,VINTAGE UNION JACK BUNTING,1,2010-01-04 13:39:00,8.5,14527.0,United Kingdom
493443,21627,ELEPHANT CARNIVAL POUFFE,1,2010-01-04 13:39:00,14.95,14527.0,United Kingdom
493443,47566B,TEA TIME PARTY BUNTING,1,2010-01-04 13:39:00,4.65,14527.0,United Kingdom
493443,47566,PARTY BUNTING,3,2010-01-04 13:39:00,4.65,14527.0,United Kingdom
493443,79341,WILLOW BRANCH LIGHTS.,1,2010-01-04 13:39:00,6.75,14527.0,United Kingdom
493443,79323W, WHITE CHERRY LIGHTS,1,2010-01-04 13:39:00,6.75,14527.0,United Kingdom
493443,79320, FLAMINGO LIGHTS,1,2010-01-04 13:39:00,4.95,14527.0,United Kingdom
493443,21929,JUMBO BAG PINK VINTAGE PAISLEY,2,2010-01-04 13:39:00,1.95,14527.0,United Kingdom
493444,22147,FELTCRAFT BUTTERFLY HEARTS,2,2010-01-04 13:47:00,1.45,16792.0,United Kingdom
493444,22149,FELTCRAFT 6 FLOWER FRIENDS,2,2010-01-04 13:47:00,2.1,16792.0,United Kingdom
493444,21535,RETRO SPOT SMALL MILK JUG,2,2010-01-04 13:47:00,2.55,16792.0,United Kingdom
493444,85212,MINI PAINTED GARDEN DECORATION ,1,2010-01-04 13:47:00,0.85,16792.0,United Kingdom
493444,21443,OLIVE CHALET BIRDFEEDER,3,2010-01-04 13:47:00,3.75,16792.0,United Kingdom
493444,85129C,BEADED CRYSTAL HEART BLUE SMALL,2,2010-01-04 13:47:00,1.25,16792.0,United Kingdom
493444,84975,HEART SHAPED MIRROR,2,2010-01-04 13:47:00,1.69,16792.0,United Kingdom
493444,85129D,BEADED CRYSTAL HEART PINK SMALL,2,2010-01-04 13:47:00,1.25,16792.0,United Kingdom
493444,21122,SET/10 PINK SPOTTY PARTY CANDLES,4,2010-01-04 13:47:00,1.25,16792.0,United Kingdom
493444,21124,SET/10 BLUE SPOTTY PARTY CANDLES,4,2010-01-04 13:47:00,1.25,16792.0,United Kingdom
493444,21121,SET/10 RED SPOTTY PARTY CANDLES,2,2010-01-04 13:47:00,1.25,16792.0,United Kingdom
493444,21737,SET 3 WICKER LOG BASKETS,1,2010-01-04 13:47:00,19.95,16792.0,United Kingdom
493444,21729,SMALL MARAKESH METAL  LANTERN ,3,2010-01-04 13:47:00,3.25,16792.0,United Kingdom
493444,21577,SAVE THE PLANET COTTON TOTE BAG,2,2010-01-04 13:47:00,2.25,16792.0,United Kingdom
493444,21578,WOODLAND DESIGN  COTTON TOTE BAG,2,2010-01-04 13:47:00,2.25,16792.0,United Kingdom
493444,21580,RABBIT  DESIGN  COTTON TOTE BAG,2,2010-01-04 13:47:00,2.25,16792.0,United Kingdom
493444,21745,GAOLERS KEYS DECORATIVE GARDEN ,1,2010-01-04 13:47:00,3.75,16792.0,United Kingdom
493444,21895,POTTING SHED SOW 'N' GROW SET,3,2010-01-04 13:47:00,4.25,16792.0,United Kingdom
493444,21894,POTTING SHED SEED ENVELOPES,6,2010-01-04 13:47:00,1.25,16792.0,United Kingdom
493444,21896,POTTING SHED TWINE,2,2010-01-04 13:47:00,2.1,16792.0,United Kingdom
493444,84845C,CARNATION SQUARE HANDY TIN,2,2010-01-04 13:47:00,1.25,16792.0,United Kingdom
493444,84845D,GERANIUM SQUARE HANDY TIN,2,2010-01-04 13:47:00,1.25,16792.0,United Kingdom
493444,21897,POTTING SHED CANDLE CITRONELLA,2,2010-01-04 13:47:00,2.95,16792.0,United Kingdom
493444,21898,POTTING SHED ROSE CANDLE,2,2010-01-04 13:47:00,2.95,16792.0,United Kingdom
493444,21869,POTTING SHED COFFEE MUG,2,2010-01-04 13:47:00,1.25,16792.0,United Kingdom
493444,84671B,CROCHET BEAR WITH BLUE STRIPES,3,2010-01-04 13:47:00,2.55,16792.0,United Kingdom
493444,82494L,WOODEN FRAME ANTIQUE WHITE ,2,2010-01-04 13:47:00,2.95,16792.0,United Kingdom
493444,82482,WOODEN PICTURE FRAME WHITE FINISH,1,2010-01-04 13:47:00,2.55,16792.0,United Kingdom
493444,21482,MUSHROOM BLUE HOT WATER BOTTLE,2,2010-01-04 13:47:00,2.95,16792.0,United Kingdom
493444,21481,FAWN BLUE HOT WATER BOTTLE,2,2010-01-04 13:47:00,2.95,16792.0,United Kingdom
493444,22232,JIGSAW TOADSTOOLS 3 PIECE,2,2010-01-04 13:47:00,1.65,16792.0,United Kingdom
493444,21390,FILIGRIS HEART WITH BUTTERFLY,3,2010-01-04 13:47:00,1.25,16792.0,United Kingdom
493444,84836,ZINC METAL HEART DECORATION,2,2010-01-04 13:47:00,1.25,16792.0,United Kingdom
493444,17164D,ASS COL SMALL SAND FROG P'WEIGHT,3,2010-01-04 13:47:00,0.42,16792.0,United Kingdom
493444,21442,GREEN BIRDHOUSE DECORATION,6,2010-01-04 13:47:00,0.85,16792.0,United Kingdom
493444,21911,GARDEN METAL SIGN ,3,2010-01-04 13:47:00,1.65,16792.0,United Kingdom
493444,21158,MOODY GIRL DOOR HANGER ,3,2010-01-04 13:47:00,1.45,16792.0,United Kingdom
493444,22185,SLATE TILE NATURAL HANGING,3,2010-01-04 13:47:00,1.65,16792.0,United Kingdom
493444,22189,CREAM HEART CARD HOLDER,1,2010-01-04 13:47:00,3.95,16792.0,United Kingdom
493444,84791,GINGHAM HEART DECORATION,1,2010-01-04 13:47:00,2.95,16792.0,United Kingdom
493444,21746,SMALL RED SPOT  WINDMILL,5,2010-01-04 13:47:00,1.25,16792.0,United Kingdom
493444,21749,LARGE RED SPOT WINDMILL,2,2010-01-04 13:47:00,2.1,16792.0,United Kingdom
493446,21473,SWEETHEART CREAM STEEL TABLE RECT,1,2010-01-04 14:00:00,19.95,17807.0,United Kingdom
493446,84292B,BLUE COL METAL FOLDING CHAIR,1,2010-01-04 14:00:00,7.95,17807.0,United Kingdom
493446,84789,ENCHANTED BIRD PLANT CAGE,1,2010-01-04 14:00:00,3.75,17807.0,United Kingdom
493446,85113,POLKA DOT PISTACHIO PAIL,3,2010-01-04 14:00:00,2.1,17807.0,United Kingdom
493446,22132,RED LOVE HEART SHAPE CUP,3,2010-01-04 14:00:00,0.85,17807.0,United Kingdom
493446,84375,SET OF 20 KIDS COOKIE CUTTERS,3,2010-01-04 14:00:00,1.95,17807.0,United Kingdom
493446,84378,SET OF 3 HEART COOKIE CUTTERS,3,2010-01-04 14:00:00,1.25,17807.0,United Kingdom
493446,85195,HANGING HEART BASKET,3,2010-01-04 14:00:00,2.1,17807.0,United Kingdom
493446,85199L,LARGE HANGING IVORY & RED WOOD BIRD,5,2010-01-04 14:00:00,0.65,17807.0,United Kingdom
493446,85185B,PINK HORSE SOCK PUPPET,1,2010-01-04 14:00:00,2.95,17807.0,United Kingdom
493446,22325,MOBILE VINTAGE HEARTS ,1,2010-01-04 14:00:00,4.95,17807.0,United Kingdom
493446,46118,FUNKY MONKEY CUSHION COVER,4,2010-01-04 14:00:00,0.85,17807.0,United Kingdom
493446,85203,HANGING WOOD AND FELT BUTTERFLY ,5,2010-01-04 14:00:00,0.42,17807.0,United Kingdom
493446,85185F,LION SOCK PUPPET,1,2010-01-04 14:00:00,2.95,17807.0,United Kingdom
493446,22197,"POPCORN HOLDER , SMALL ",3,2010-01-04 14:00:00,0.85,17807.0,United Kingdom
493446,10002,INFLATABLE POLITICAL GLOBE ,3,2010-01-04 14:00:00,0.85,17807.0,United Kingdom
493446,22228,BUNNY WOODEN PAINTED WITH BIRD ,3,2010-01-04 14:00:00,0.85,17807.0,United Kingdom
493446,22261,FELT EGG COSY WHITE RABBIT ,2,2010-01-04 14:00:00,0.85,17807.0,United Kingdom
493446,22262,FELT EGG COSY CHICKEN,2,2010-01-04 14:00:00,0.85,17807.0,United Kingdom
493446,47578A,ENGLISH ROSE SMALL SCENTED FLOWER,6,2010-01-04 14:00:00,0.85,17807.0,United Kingdom
493446,22146,EASTER CRAFT IVY WREATH WITH CHICK,3,2010-01-04 14:00:00,1.95,17807.0,United Kingdom
493446,21445,12 PINK ROSE PEG PLACE SETTINGS,2,2010-01-04 14:00:00,1.25,17807.0,United Kingdom
493446,21447,12 IVORY ROSE PEG PLACE SETTINGS,2,2010-01-04 14:00:00,1.25,17807.0,United Kingdom
493446,21446,12 RED ROSE PEG PLACE SETTINGS,2,2010-01-04 14:00:00,1.25,17807.0,United Kingdom
493446,72756,FAIRY CAKE CANDLES,9,2010-01-04 14:00:00,1.49,17807.0,United Kingdom
493446,85152,HAND OVER THE CHOCOLATE   SIGN ,1,2010-01-04 14:00:00,2.1,17807.0,United Kingdom
493446,21181,PLEASE ONE PERSON  METAL SIGN,1,2010-01-04 14:00:00,2.1,17807.0,United Kingdom
493446,85208,SET/12 FUNKY FELT FLOWER PEG IN BAG,5,2010-01-04 14:00:00,2.1,17807.0,United Kingdom
493446,21870,I CAN ONLY PLEASE ONE PERSON MUG,6,2010-01-04 14:00:00,1.25,17807.0,United Kingdom
493446,21004,ROSE DU SUD CHILDS APRON,2,2010-01-04 14:00:00,4.25,17807.0,United Kingdom
493446,84791,GINGHAM HEART DECORATION,1,2010-01-04 14:00:00,2.95,17807.0,United Kingdom
493446,22138,BAKING SET 9 PIECE RETROSPOT ,1,2010-01-04 14:00:00,4.95,17807.0,United Kingdom
C493445,84659A,WHITE TRAVEL ALARM CLOCK,-1,2010-01-04 14:00:00,2.55,16296.0,United Kingdom
C493445,21343,GOLD JEWELERY BOX,-2,2010-01-04 14:00:00,16.95,16296.0,United Kingdom
C493445,21314,SMALL GLASS HEART TRINKET POT,-1,2010-01-04 14:00:00,2.1,16296.0,United Kingdom
C493445,85123A,WHITE HANGING HEART T-LIGHT HOLDER,-2,2010-01-04 14:00:00,2.95,16296.0,United Kingdom
C493445,21275,ZINC TOP  2 DOOR WOODEN SHELF ,-1,2010-01-04 14:00:00,2.95,16296.0,United Kingdom
493446,21349,IVY HEART WREATH,1,2010-01-04 14:00:00,6.75,17807.0,United Kingdom
493446,72789,BASKET/8 SCENTED LOVE TOKEN CANDLES,1,2010-01-04 14:00:00,3.75,17807.0,United Kingdom
493446,35096A,BLUE VICTORIAN FABRIC HEART BOX,3,2010-01-04 14:00:00,0.42,17807.0,United Kingdom
493446,35096B,RED VICTORIAN FABRIC HEART BOX,3,2010-01-04 14:00:00,0.42,17807.0,United Kingdom
493446,84288B,SET/2 BLUE  NOODLE BASKETS,1,2010-01-04 14:00:00,1.95,17807.0,United Kingdom
493446,84970L,SINGLE HEART ZINC T-LIGHT HOLDER,3,2010-01-04 14:00:00,0.95,17807.0,United Kingdom
493446,21899,"KEY FOB , GARAGE DESIGN",2,2010-01-04 14:00:00,0.65,17807.0,United Kingdom
493446,21900,"KEY FOB , SHED",2,2010-01-04 14:00:00,0.65,17807.0,United Kingdom
493446,21902,"KEY FOB , FRONT  DOOR ",2,2010-01-04 14:00:00,0.65,17807.0,United Kingdom
493446,21901,"KEY FOB , BACK DOOR ",2,2010-01-04 14:00:00,0.65,17807.0,United Kingdom
493446,21198,WHITE HEART CONFETTI IN TUBE,1,2010-01-04 14:00:00,1.65,17807.0,United Kingdom
493446,21256,"FRENCH BOTTLE, BRASSERIE DES ARTIST",1,2010-01-04 14:00:00,1.65,17807.0,United Kingdom
493446,21255,"FRENCH BOTTLE , LAVENDER",1,2010-01-04 14:00:00,1.65,17807.0,United Kingdom
493446,21773,DECORATIVE ROSE BATHROOM BOTTLE,1,2010-01-04 14:00:00,1.25,17807.0,United Kingdom
493446,85185C,COW  SOCK PUPPET,1,2010-01-04 14:00:00,2.95,17807.0,United Kingdom
493463,20895,VINTAGE NOTEBOOK FRENCH LETTER ,1,2010-01-04 14:27:00,2.95,15581.0,United Kingdom
493463,85203,HANGING WOOD AND FELT BUTTERFLY ,1,2010-01-04 14:27:00,0.42,15581.0,United Kingdom
493463,85198,ASSORTED FARMYARD ANIMALS IN BUCKET,12,2010-01-04 14:27:00,0.85,15581.0,United Kingdom
493463,20897,VINTAGE NOTEBOOK PARIS DAYS,1,2010-01-04 14:27:00,2.95,15581.0,United Kingdom
493463,20898,VINTAGE NOTEBOOK TRAVELOGUE,1,2010-01-04 14:27:00,2.95,15581.0,United Kingdom
493463,20866,BLUE ROSE FABRIC MIRROR,1,2010-01-04 14:27:00,1.25,15581.0,United Kingdom
493463,20660,VIP LUGGAGE TAG ,1,2010-01-04 14:27:00,1.25,15581.0,United Kingdom
493463,21171,BATHROOM METAL SIGN ,1,2010-01-04 14:27:00,1.45,15581.0,United Kingdom
493463,21172,PARTY METAL SIGN ,1,2010-01-04 14:27:00,1.45,15581.0,United Kingdom
493463,21228,"POCKET MIRROR ""GLAMOROUS""",1,2010-01-04 14:27:00,1.25,15581.0,United Kingdom
493463,85212,MINI PAINTED GARDEN DECORATION ,1,2010-01-04 14:27:00,0.85,15581.0,United Kingdom
493463,47578A,ENGLISH ROSE SMALL SCENTED FLOWER,1,2010-01-04 14:27:00,0.85,15581.0,United Kingdom
493463,21076,SET/20 COLLAGE PAPER NAPKIN ,2,2010-01-04 14:27:00,0.85,15581.0,United Kingdom
493463,21080,SET/20 RED SPOTTY PAPER NAPKINS ,1,2010-01-04 14:27:00,0.85,15581.0,United Kingdom
493467,82583,HOT BATHS METAL SIGN,6,2010-01-04 14:29:00,2.1,13004.0,United Kingdom
493467,85152,HAND OVER THE CHOCOLATE   SIGN ,6,2010-01-04 14:29:00,2.1,13004.0,United Kingdom
493467,21524,SPOTTY  HOME SWEET HOME DOORMAT,2,2010-01-04 14:29:00,6.75,13004.0,United Kingdom
493467,84671B,CROCHET BEAR WITH BLUE STRIPES,6,2010-01-04 14:29:00,2.55,13004.0,United Kingdom
493467,84991,60 TEATIME FAIRY CAKE CASES,24,2010-01-04 14:29:00,0.55,13004.0,United Kingdom
493467,84990,60 GOLD AND SILVER FAIRY CAKE CASES,24,2010-01-04 14:29:00,0.55,13004.0,United Kingdom
493467,90167,BEADED LOVE HEART JEWELLERY SET,12,2010-01-04 14:29:00,0.85,13004.0,United Kingdom
493467,21232,STRAWBERRY CERAMIC TRINKET BOX,12,2010-01-04 14:29:00,1.25,13004.0,United Kingdom
493467,22055,MINI CAKE STAND  HANGING STRAWBERY,8,2010-01-04 14:29:00,1.65,13004.0,United Kingdom
493467,22054,MINI CAKE STAND HANGING HEARTS,8,2010-01-04 14:29:00,1.65,13004.0,United Kingdom
493467,22060,LARGE CAKE STAND HANGING HEARTS,2,2010-01-04 14:29:00,9.95,13004.0,United Kingdom
493467,22061,LARGE CAKE STAND  HANGING STRAWBERY,2,2010-01-04 14:29:00,9.95,13004.0,United Kingdom
493467,37449,CERAMIC CAKE STAND + HANGING CAKES,2,2010-01-04 14:29:00,9.95,13004.0,United Kingdom
493467,84510A,SET OF 4 ENGLISH ROSE COASTERS,10,2010-01-04 14:29:00,1.25,13004.0,United Kingdom
493467,82483,WOOD 2 DRAWER CABINET WHITE FINISH,4,2010-01-04 14:29:00,5.95,13004.0,United Kingdom
493467,22177,5 HOOK BLACKBOARD ORGANISER ,1,2010-01-04 14:29:00,9.95,13004.0,United Kingdom
493467,82582,AREA PATROLLED METAL SIGN,6,2010-01-04 14:29:00,2.1,13004.0,United Kingdom
493467,48185,DOOR MAT FAIRY CAKE,2,2010-01-04 14:29:00,6.75,13004.0,United Kingdom
493467,48187,DOOR MAT NEW ENGLAND,2,2010-01-04 14:29:00,6.75,13004.0,United Kingdom
493467,20711,JUMBO BAG TOYS ,10,2010-01-04 14:29:00,1.95,13004.0,United Kingdom
493467,85099F,JUMBO BAG STRAWBERRY,10,2010-01-04 14:29:00,1.95,13004.0,United Kingdom
493467,21931,JUMBO STORAGE BAG SUKI,10,2010-01-04 14:29:00,1.95,13004.0,United Kingdom
493467,22195,LARGE HEART MEASURING SPOONS,12,2010-01-04 14:29:00,1.65,13004.0,United Kingdom
493467,21385,IVORY HANGING DECORATION  HEART,24,2010-01-04 14:29:00,0.85,13004.0,United Kingdom
493467,22285,"DECORATION HEN ON NEST, HANGING",12,2010-01-04 14:29:00,1.65,13004.0,United Kingdom
493467,22284,HEN HOUSE DECORATION,12,2010-01-04 14:29:00,1.65,13004.0,United Kingdom
493485,72008,FROSTED BOX 9 WHITE T-LIGHT CANDLES,24,2010-01-04 14:48:00,0.42,,United Kingdom
493485,21589,SWALLOW GIANT TUBE MATCHES,2,2010-01-04 14:48:00,2.55,,United Kingdom
C493488,72008,FROSTED BOX 9 WHITE T-LIGHT CANDLES,-24,2010-01-04 14:50:00,0.42,,United Kingdom
493487,72008,FROSTED BOX 9 WHITE T-LIGHT CANDLES,24,2010-01-04 14:50:00,0.42,,United Kingdom
493494,21231,,-84,2010-01-04 14:56:00,0.0,,United Kingdom
493508,20887,,9,2010-01-04 15:08:00,0.0,,United Kingdom
493510,40046C,,7,2010-01-04 15:08:00,0.0,,United Kingdom
493509,21558,,7,2010-01-04 15:08:00,0.0,,United Kingdom
493513,47009,,3,2010-01-04 15:09:00,0.0,,United Kingdom
493511,84753A,,89,2010-01-04 15:09:00,0.0,,United Kingdom
493512,37509,,3,2010-01-04 15:09:00,0.0,,United Kingdom
493514,20911,,2,2010-01-04 15:09:00,0.0,,United Kingdom
493516,35990,,2,2010-01-04 15:11:00,0.0,,United Kingdom
493517,84029D,,2,2010-01-04 15:11:00,0.0,,United Kingdom
493515,20940,,2,2010-01-04 15:11:00,0.0,,United Kingdom
493518,84671A,,2,2010-01-04 15:12:00,0.0,,United Kingdom
493519,90004A,,2,2010-01-04 15:12:00,0.0,,United Kingdom
493521,20870,,1,2010-01-04 15:12:00,0.0,,United Kingdom
